Ben,Ben,Stiller,secret
Moose,John,Moose,secret
Reuven,Reuven,Power,secret
Cust1,Mick,Thorhill,secret
Cust2,John,Palmer,secret
Francois,Frank,Power,secret
Jim,Jim,Power,secret
Iren,Irene,Baker,secret
Cust3,Abdul,OConnor,secret
Cust4,Kevin,Dean,secret
Cust5,Henry,Shefflin,secret
Cust6,Tom,Power,secret
Cust7,Peter,North,secret
Cust8,Bob,Dylan,secret
Cust9,Bob,Hoskins,secret
andrew,Andrew,Smores,secret
ma,Mary,Everet,secret
matt,Mat,Corner,secret
Ocelot,Mat,Baker,secret
Cust10,Jean,Walsh,secret
crom,Paddy,Walsh,secret
joe,Joe,Whelan,secret
Priscilla,Priscilla,Desert,secret
Harry,Harry,Potter,secret
Ned,Ned,Kelly,secret
ender,Harry,Potter,secret
Apollo,Harry,Potter,secret
Zax,Harry,Potter,secret
Jaluka,Harry,Potter,secret
Sanity,Harry,Potter,secret
Brix,Harry,Potter,secret
sage32,Harry,Potter,secret
clipper,Harry,Potter,secret
YJAM,Harry,Potter,secret
Martin,Harry,Potter,secret
Mike,Harry,Potter,secret
Strongbad,Harry,Potter,secret
Brian,Harry,Potter,secret
Douglas,Douglas,Anderson,secret
chrispeh,Chris,Green,secret
Rudy,Rudy,Whirl,secret
McLovin,Tim,Black,secret
Mike,Mike,Williams,secret
Dude,Chris,Green,secret
Hideo,Chris,Green,secret
Rudy,Rudy,Ann,secret
Don,Don,Wang,secret
Anna,Anna,Carol,secret
SubRia,Anna,Carol,secret
Ella,Ella,Carol,secret
Leslie,Leslie,Carol,secret
Sam,Sam,Green,secret
Cedric,Cederic,Jones,secret
Don,Dan,Wang,secret
McLean,John,MClean,secret
Shannon,Mary,Shannon,secret
Joshua,Joshua,Brown,secret
Jeremy,Jeremy,White,secret
Pablo,Pable,Sanchez,secret
Scream,mary,Terry,secret
ROFLOL,John,zappa,secret
Albus,Albus,Dumbledore,secret
Alexandra,Alexandra,Dumbledore,secret
NaRwHaLs,Clodagh,Reder,secret
J-Rok,Jeremy,Kyle,secret
snoosh,Jeremy,White,secret
Huxil,Jeremy,Blond,secret
hidan,Jeremy,Topper,secret
Leah,Leah,White,secret
Boxxy,Bob,Blind,secret
Rosanna,Rosanna,King,secret
Claire,Claire,Rush,secret
David,Dave,White,secret
Zachary,Zachary,Rosanna,secret
ParseClaws,Zachary,Neder,secret
Tiffany,Tiffany,Zachary,secret
Sidney,Sidney,Jones,secret
Tony,Tony,Penkert,secret
Mark,Mark,Green,secret
NuNu,Jim,Bobel,secret
Hamza,Hamza,Ali,secret
dencellia,Diane,Bean,secret
Nathan,Nathen,green,secret
James,James,Kepler,secret
KeeLed,Keeled,Goner,secret
Megan,Megan,Hope,secret
